{
    "lang": {
        "version": "1.2.17",
        "language": "Russian"
    },
    "1": {
        "match": "\"To Enhance this playlist, you.ll need to go online.\"",
        "replace": "\"Чтобы улучшить этот плейлист, вам нужно подключиться к интернету.\""
    },
    "2": {
        "match": "\"Confirm your age\"",
        "replace": "\"Подтвердите свой возраст\""
    },
    "3": {
        "match": "\"%price%/month after. Terms and conditions apply. One month free not available for users who have already tried Premium.\"",
        "replace": "\"%price%/месяц спустя. Принять условия. Один месяц бесплатно, недоступно для пользователей, которые уже попробовали Premium.\""
    },
    "4": {
        "match": "\"Enjoy ad-free music listening, offline listening, and more. Cancel anytime.\"",
        "replace": "\"Наслаждайтесь прослушиванием музыки без рекламы, прослушиванием в офлайн режиме и многим другим. Отменить можно в любое время.\""
    },
    "5": {
        "match": "\"Offline storage location\"",
        "replace": "\"Хранилище скачанных треков\""
    },
    "6": {
        "match": "\"Click to start listening\"",
        "replace": "\"Нажмите, чтобы начать прослушивание\""
    },
    "7": {
        "match": "\"Change speed\"",
        "replace": "\"Изменение скорости\""
    },
    "8": {
        "match": "\"You need to be at least 19 years old to listen to explicit content marked with\"",
        "replace": "\"Вам должно быть не менее 19 лет, чтобы слушать непристойный контент, помеченный значком\""
    },
    "9": {
        "match": "\"Add to another playlist\"",
        "replace": "\"Добавить в другой плейлист\""
    },
    "10": {
        "match": "\"Add to this playlist\"",
        "replace": "\"Добавить в этот плейлист\""
    },
    "11": {
        "match": "\"Couldn.t connect to Spotify.\"",
        "replace": "\"Не удалось подключиться к Spotify.\""
    },
    "12": {
        "match": "\"No connection\"",
        "replace": "\"Нет соединения\""
    },
    "13": {
        "match": "\"Reconnecting...\"",
        "replace": "\"Повторное подключение...\""
    },
    "14": {
        "match": "\"Character counter\"",
        "replace": "\"Счетчик символов\""
    },
    "15": {
        "match": "\"Toggle lightsaber hilt. Current is [{]0[}].\"",
        "replace": "\"Переключить рукоять светового меча. Текущий {0}.\""
    },
    "16": {
        "match": "\"Song not available\"",
        "replace": "\"Песня недоступна\""
    },
    "17": {
        "match": "\"The song you.re trying to listen to is not available in HiFi at this time.\"",
        "replace": "\"Песня, которую вы пытаетесь прослушать, в настоящее время недоступна в HiFi.\""
    },
    "18": {
        "match": "\"Your Location\"",
        "replace": "\"Ваше местоположение\""
    },
    "19": {
        "match": "\"Override certain user attributes to test regionalized content programming. The overrides are only active in this app.\"",
        "replace": "\"Переопределите определенные атрибуты пользователя, чтобы протестировать региональное программирование контента. Переопределения активны только в этом приложении.\""
    },
    "20": {
        "match": " was released this week!",
        "replace": " был выпущен на этой неделе!"
    },
    "21": {
        "match": "(\"one\": \"...name...) was released %years% year ago this week!\"",
        "replace": "$1 был выпущен %years% год назад на этой неделе!\""
    },
    "22": {
        "match": "(\"few\": \"...name...) was released %years% years ago this week!\"",
        "replace": "$1 был выпущен %years% года назад на этой неделе!\""
    },
    "23": {
        "match": "(\"many\": \"...name...) was released %years% years ago this week!\"",
        "replace": "$1 был выпущен %years% лет назад на этой неделе!\""
    },
    "24": {
        "match": "(\"other\": \"...name...) was released %years% years ago this week!\"",
        "replace": "$1 был выпущен %years% года назад на этой неделе!\""
    },
    "25": {
        "match": "\"Speed [{]0[}]×\"",
        "replace": "\"Скорость {0}×\""
    },
    "26": {
        "match": "(\"Filter options\"",
        "replace": "\"Параметры фильтрации\""
    },
    "27": {
        "match": "\"Artist\"",
        "replace": "\"Исполнитель\""
    },
    "28": {
        "match": "\"... of ...\"",
        "replace": "\"{0} из {1}\""
    },
    "29": {
        "match": "\"Не удалось изменить\"",
        "replace": "\"Не удалось обновить\""
    },
    "30": {
        "match": "Dynamic normalizer - Actively adjust the volume by leveling out the difference between quiet and loud parts of the audio",
        "replace": "Динамический нормализатор - активно регулирует громкость, выравнивая разницу между тихими и громкими частями аудио"
    },
    "31": {
        "match": "\"Log in or sign up\"",
        "replace": "\"Войдите или зарегистрируйтесь\""
    },
    "32": {
        "match": "\"Load more\"",
        "replace": "\"Загрузить еще\""
    },
    "33": {
        "match": "\"Sign up free\"",
        "replace": "\"Бесплатная регистрация\""
    },
    "34": {
        "match": "\"Session link copied to clipboard\"",
        "replace": "\"Ссылка на сеанс скопирована в буфер обмена\""
    },
    "35": {
        "match": "\"Listen together on Spotify\"",
        "replace": "\"Слушайте вместе в Spotify\""
    },
    "36": {
        "match": "\"Invite others to your group session, and listen together from anywhere.\"",
        "replace": "\"Пригласите других в вашу групповую сессию и слушайте вместе откуда угодно.\""
    },
    "37": {
        "match": "\"Copy link\"",
        "replace": "\"Скопировать ссылку\""
    },
    "38": {
        "match": "\"Cancel\"",
        "replace": "\"Отмена\""
    },
    "39": {
        "match": "\"Join .host..s group session\"",
        "replace": "\"Присоединиться к групповому сеансу %host%\""
    },
    "40": {
        "match": "\"Continue on this computer\"",
        "replace": "\"Продолжить на этом компьютере\""
    },
    "41": {
        "match": "\"Join\"",
        "replace": "\"Присоединиться\""
    },
    "42": {
        "match": "\"Not now\"",
        "replace": "\"Не сейчас\""
    },
    "43": {
        "match": "\"People in the session will see your username, profile picture, and suggested songs based on your taste profile.\"",
        "replace": "\"Люди в сессии увидят ваше имя пользователя, аватар и предложенные песни на основе вашего музыкального профиля.\""
    },
    "44": {
        "match": "\"Read along\"",
        "replace": "\"Читайте вместе\""
    },
    "45": {
        "match": "\"Group session logo\"",
        "replace": "\"Логотип групповой сессии\""
    },
    "46": {
        "match": "\"Leave the group session.\"",
        "replace": "\"Покинуть групповую сессию?\""
    },
    "47": {
        "match": "\"End\"",
        "replace": "\"Завершить\""
    },
    "48": {
        "match": "\"Are you sure you want to end the session for everyone.\"",
        "replace": "\"Вы уверены, что хотите завершить сеанс для всех?\""
    },
    "49": {
        "match": "\"End session\"",
        "replace": "\"Завершить сессию\""
    },
    "50": {
        "match": "\"Leave\"",
        "replace": "\"Покинуть\""
    },
    "51": {
        "match": "\"Build .0. is available\"",
        "replace": "\"Сборка {0} доступна\""
    },
    "52": {
        "match": "\"Downloading build .0....\"",
        "replace": "\"Загрузка сборки {0}...\""
    },
    "53": {
        "match": "\"Build .0. is ready to install\"",
        "replace": "\"Сборка {0} готова к установке\""
    },
    "54": {
        "match": "\".host..s group session\"",
        "replace": "\"Групповой сеанс %host%\""
    },
    "55": {
        "match": "\"Participants ..0..\"",
        "replace": "\"Участники ({0})\""
    }
}
